{"stats":{"minecraft:crafted":{"minecraft:oak_planks":40},"minecraft:dropped":{"minecraft:poppy":1,"minecraft:porkchop":1,"minecraft:oak_log":13,"minecraft:stone_pickaxe":1,"minecraft:white_wool":1},"minecraft:mined":{"minecraft:coarse_dirt":4,"minecraft:grass_path":1,"minecraft:grass":6,"minecraft:grass_block":1,"minecraft:oak_log":19,"minecraft:coal_ore":31,"minecraft:sand":11,"minecraft:dirt":2,"minecraft:stone":5,"minecraft:oak_leaves":14},"minecraft:picked_up":{"minecraft:coarse_dirt":4,"minecraft:cooked_beef":7,"minecraft:porkchop":1,"minecraft:sand":11,"minecraft:oak_log":23,"minecraft:dirt":4,"minecraft:leather_helmet":1,"minecraft:compass":1,"minecraft:wheat_seeds":3,"minecraft:stone_axe":1,"minecraft:peony":1,"minecraft:hay_block":4,"minecraft:stone_pickaxe":2,"minecraft:poppy":2,"minecraft:oak_sapling":1,"minecraft:mutton":1,"minecraft:oak_planks":47,"minecraft:coal":32,"minecraft:white_wool":2,"minecraft:cobblestone":8},"minecraft:used":{"minecraft:stone_pickaxe":44,"minecraft:cooked_beef":3},"minecraft:killed_by":{"minecraft:player":1},"minecraft:killed":{"minecraft:sheep":1,"minecraft:pig":1},"minecraft:custom":{"minecraft:time_since_rest":8594,"minecraft:sprint_one_cm":33552,"minecraft:damage_taken":580,"minecraft:walk_one_cm":181847,"minecraft:mob_kills":2,"minecraft:drop":17,"minecraft:damage_dealt":343,"minecraft:fly_one_cm":7861,"minecraft:open_chest":1,"minecraft:play_one_minute":35173,"minecraft:deaths":1,"minecraft:sneak_time":181,"minecraft:walk_under_water_one_cm":2856,"minecraft:boat_one_cm":51316,"minecraft:jump":280,"minecraft:leave_game":1,"minecraft:time_since_death":33049,"minecraft:walk_on_water_one_cm":1904,"minecraft:sleep_in_bed":2,"minecraft:fall_one_cm":2974}},"DataVersion":2586}