{"stats":{"minecraft:mined":{"minecraft:orange_tulip":1,"minecraft:cornflower":1,"minecraft:grass":49,"minecraft:grass_block":1,"minecraft:oak_log":1,"minecraft:tall_grass":16,"minecraft:oak_leaves":4},"minecraft:used":{"minecraft:cornflower":1,"minecraft:stone_sword":64,"minecraft:oxeye_daisy":3,"minecraft:red_tulip":1,"minecraft:white_tulip":2,"minecraft:stone_pickaxe":5,"minecraft:cobblestone":3,"minecraft:crafting_table":1,"minecraft:furnace":1},"minecraft:killed_by":{"minecraft:player":1},"minecraft:custom":{"minecraft:time_since_rest":3741,"minecraft:sprint_one_cm":25368,"minecraft:damage_taken":275,"minecraft:walk_one_cm":16068,"minecraft:mob_kills":1,"minecraft:damage_dealt":145,"minecraft:fly_one_cm":28570,"minecraft:player_kills":1,"minecraft:crouch_one_cm":168,"minecraft:play_one_minute":6418,"minecraft:deaths":1,"minecraft:sneak_time":103,"minecraft:jump":211,"minecraft:leave_game":3,"minecraft:time_since_death":3709,"minecraft:fall_one_cm":4393},"minecraft:killed":{"minecraft:sheep":1},"minecraft:picked_up":{"minecraft:crafting_table":1,"minecraft:cooked_porkchop":8,"minecraft:oak_log":1,"minecraft:dirt":55,"minecraft:cornflower":1,"minecraft:string":1,"minecraft:stone_sword":1,"minecraft:arrow":2,"minecraft:rotten_flesh":1,"minecraft:wheat_seeds":26,"minecraft:stone_pickaxe":2,"minecraft:red_tulip":1,"minecraft:white_tulip":2,"minecraft:oak_planks":9,"minecraft:furnace":2,"minecraft:cobblestone":20,"minecraft:oxeye_daisy":3}},"DataVersion":2586}