{"stats":{"minecraft:crafted":{"minecraft:cooked_beef":13,"minecraft:oak_planks":72,"minecraft:stone_shovel":1,"minecraft:cooked_porkchop":1,"minecraft:crafting_table":2,"minecraft:wooden_pickaxe":1,"minecraft:furnace":1,"minecraft:leather_helmet":1,"minecraft:stone_axe":2,"minecraft:air":0,"minecraft:oak_boat":1,"minecraft:stick":20,"minecraft:iron_pickaxe":1,"minecraft:stone_pickaxe":2,"minecraft:stone_sword":1,"minecraft:white_bed":2,"minecraft:stone_hoe":1},"minecraft:dropped":{"minecraft:stone_axe":1,"minecraft:compass":1,"minecraft:cooked_beef":10,"minecraft:stone_sword":1,"minecraft:oak_planks":47,"minecraft:leather_helmet":1,"minecraft:poppy":2,"minecraft:peony":1,"minecraft:stone_pickaxe":2},"minecraft:mined":{"minecraft:white_bed":4,"minecraft:brewing_stand":1,"minecraft:crafting_table":5,"minecraft:grass_block":3,"minecraft:poppy":1,"minecraft:tall_grass":1,"minecraft:hay_block":27,"minecraft:furnace":1,"minecraft:peony":1,"minecraft:grass":10,"minecraft:coal_ore":42,"minecraft:oak_log":9,"minecraft:sand":10,"minecraft:dirt":5,"minecraft:stone":37,"minecraft:oak_leaves":2},"minecraft:picked_up":{"minecraft:crafting_table":5,"minecraft:cooked_beef":3,"minecraft:leather":8,"minecraft:oak_log":18,"minecraft:brewing_stand":1,"minecraft:dirt":8,"minecraft:wheat_seeds":1,"minecraft:iron_ingot":3,"minecraft:beef":13,"minecraft:stone_pickaxe":1,"minecraft:oak_boat":5,"minecraft:poppy":5,"minecraft:oak_planks":40,"minecraft:egg":2,"minecraft:furnace":1,"minecraft:stick":2,"minecraft:sand":9,"minecraft:porkchop":1,"minecraft:white_bed":4,"minecraft:stone_sword":1,"minecraft:peony":1,"minecraft:hay_block":23,"minecraft:oak_sapling":2,"minecraft:mutton":10,"minecraft:coal":41,"minecraft:white_wool":6,"minecraft:cobblestone":34},"minecraft:used":{"minecraft:stone_sword":44,"minecraft:stone_shovel":10,"minecraft:stone_pickaxe":50,"minecraft:oak_planks":3,"minecraft:wooden_pickaxe":26,"minecraft:stone_hoe":30,"minecraft:dirt":8,"minecraft:crafting_table":6,"minecraft:white_bed":4,"minecraft:iron_pickaxe":16,"minecraft:stone_axe":13,"minecraft:cobblestone":2,"minecraft:furnace":1,"minecraft:oak_sapling":2,"minecraft:cooked_porkchop":1,"minecraft:oak_boat":5,"minecraft:egg":2,"minecraft:cooked_beef":3},"minecraft:killed":{"minecraft:iron_golem":1,"minecraft:sheep":6,"minecraft:cow":8},"minecraft:custom":{"minecraft:interact_with_furnace":9,"minecraft:mob_kills":15,"minecraft:interact_with_crafting_table":14,"minecraft:play_one_minute":36483,"minecraft:time_since_death":36483,"minecraft:sleep_in_bed":4,"minecraft:time_since_rest":9207,"minecraft:sprint_one_cm":72658,"minecraft:damage_taken":261,"minecraft:walk_one_cm":123596,"minecraft:drop":20,"minecraft:damage_dealt":2485,"minecraft:talked_to_villager":3,"minecraft:fly_one_cm":76152,"minecraft:player_kills":1,"minecraft:open_chest":3,"minecraft:crouch_one_cm":3240,"minecraft:sneak_time":1374,"minecraft:walk_under_water_one_cm":817,"minecraft:boat_one_cm":91307,"minecraft:jump":710,"minecraft:interact_with_brewingstand":1,"minecraft:walk_on_water_one_cm":2738,"minecraft:fall_one_cm":13212}},"DataVersion":2586}