{"stats":{"minecraft:used":{"minecraft:stone_sword":10},"minecraft:mined":{"minecraft:grass":1,"minecraft:grass_block":2,"minecraft:tall_grass":5,"minecraft:oak_leaves":1},"minecraft:killed_by":{"minecraft:player":2},"minecraft:custom":{"minecraft:time_since_rest":152,"minecraft:play_one_minute":10815,"minecraft:sprint_one_cm":16855,"minecraft:damage_taken":511,"minecraft:walk_one_cm":27624,"minecraft:sneak_time":17,"minecraft:mob_kills":2,"minecraft:drop":8,"minecraft:jump":267,"minecraft:damage_dealt":859,"minecraft:leave_game":1,"minecraft:walk_on_water_one_cm":126,"minecraft:time_since_death":0,"minecraft:player_kills":1,"minecraft:fall_one_cm":7085,"minecraft:fly_one_cm":35721,"minecraft:deaths":2},"minecraft:killed":{"minecraft:skeleton":1,"minecraft:spider":1,"minecraft:zombie":2},"minecraft:dropped":{"minecraft:rotten_flesh":2,"minecraft:dirt":2,"minecraft:white_tulip":1,"minecraft:wheat_seeds":1,"minecraft:string":2},"minecraft:picked_up":{"minecraft:stick":6,"minecraft:stone_sword":1,"minecraft:arrow":1,"minecraft:rotten_flesh":2,"minecraft:wheat_seeds":20,"minecraft:red_tulip":1,"minecraft:white_tulip":1,"minecraft:oak_sapling":1,"minecraft:dirt":2,"minecraft:string":2}},"DataVersion":2586}